category,segment_index,breakpoint,slope,ci_low,ci_high,n_segments,n_points
ALL_DATA,0,,0.6990685659822249,,,2,139
ALL_DATA,1,29058.020970769798,-0.3574261363438009,333.2266192240062,35819.9384183729,2,139
>5K,0,,0.783450148713824,,,2,44
>5K,1,25563.677862358043,-0.23023728475783733,6343.330209325944,37128.96440283436,2,44
2-5K,0,,0.31791479069636963,,,1,28
1-2K,0,,0.0011390840322140967,,,1,30
500-1000,0,,1.096235892022348,,,1,28
