category,segment_index,breakpoint,slope,ci_low,ci_high,n_segments,n_points
ALL_DATA,0,,0.6990685659822249,,,2,139
ALL_DATA,1,29058.020970769798,-0.3574261363438009,333.2266192240062,35819.9384183729,2,139
49+ cores,0,,0.5295788582410373,,,2,42
49+ cores,1,32767.999731703436,-0.3331204858291945,5106.3023962936395,40607.47235807508,2,42
17-32 cores,0,,0.24034789070388096,,,1,16
9-16 cores,0,,0.7072315306598254,,,1,39
5-8 cores,0,,0.6776304379726098,,,1,32
