category,segment_index,breakpoint,slope,ci_low,ci_high,n_segments,n_points
ALL_DATA,0,,0.6990685659822249,,,2,139
ALL_DATA,1,29058.020970769798,-0.3574261363438009,333.2266192240062,35819.9384183729,2,139
65+ threads,0,,0.5704977957940497,,,2,47
65+ threads,1,32767.99959619541,-0.356469227329458,5881.449604319946,39617.76773403475,2,47
17-32 threads,0,,0.6518400338843713,,,1,36
33-64 threads,0,,0.23304832200775014,,,1,14
9-16 threads,0,,0.5594235545045283,,,1,36
