category,segment_index,breakpoint,slope,ci_low,ci_high,n_segments,n_points
ALL_DATA,0,,0.6990685659822249,,,2,139
ALL_DATA,1,29058.020970769798,-0.3574261363438009,333.2266192240062,35819.9384183729,2,139
Server,0,,0.6319592238308139,,,1,76
Desktop,0,,0.6478757497333764,,,1,51
Mobile,0,,2.375710089220429,,,2,10
Mobile,1,460.3035039486052,0.10790271767234624,333.0992129715012,1608.5324280169368,2,10
