category,segment_index,breakpoint,slope,ci_low,ci_high,n_segments,n_points
ALL_DATA,0,,0.6990685659822249,,,2,139
ALL_DATA,1,29058.020970769798,-0.3574261363438009,333.2266192240062,35819.9384183729,2,139
1.5-2,0,,1.033212972095073,,,2,127
1.5-2,1,982.8533590510515,0.6258689767469268,332.8889930708292,44076.49638098803,2,127
