category,segment_index,breakpoint,slope,ci_low,ci_high,n_segments,n_points
ALL_DATA,0,,-0.30093143388928706,,,2,139
ALL_DATA,1,29058.020797725658,-1.3574261231092573,332.9284714569724,36297.82201058732,2,139
2-3 GHz,0,,-0.3127445065331651,,,2,55
2-3 GHz,1,34382.88432369646,-1.6145659949590623,480.10596382435017,47856.471634628215,2,55
3-4 GHz,0,,-0.373833835319999,,,1,56
<2 GHz,0,,-0.1585076126394277,,,1,11
4-5 GHz,0,,-0.04874375560784602,,,2,17
4-5 GHz,1,2201.599990705536,-0.7476642155838501,1689.3513577038016,3235.4249759074214,2,17
