category,segment_index,breakpoint,slope,ci_low,ci_high,n_segments,n_points
ALL_DATA,0,,-0.30093143388928706,,,2,139
ALL_DATA,1,29058.020797725658,-1.3574261231092573,332.9284714569724,36297.82201058732,2,139
1.5-2,0,,0.03321297706791628,,,2,127
1.5-2,1,982.853347955144,-0.37413102253225644,332.94943693675805,41314.42956436625,2,127
