category,segment_index,breakpoint,slope,ci_low,ci_high,n_segments,n_points
ALL_DATA,0,,-0.30093143388928706,,,2,139
ALL_DATA,1,29058.020797725658,-1.3574261231092573,332.9284714569724,36297.82201058732,2,139
Server,0,,-0.3680407761691866,,,1,76
Desktop,0,,-0.35212425026662364,,,1,51
Mobile,0,,1.3757100769823882,,,2,10
Mobile,1,460.3035047659381,-0.8920972829585714,333.10347747793605,1588.2159324423396,2,10
