segment_index,slope_loglog,breakpoint_GFLOPS,n_segments,AICc
0,0.6990685658537831,29058.02114375743,2,-583.9787376986949
1,-0.3574261495740238,,2,-583.9787376986949
