metric,value
R2_log,0.9000746337559542
R2_adj,0.8978540700616421
RMSE_log,0.11877863982992286
RMSE_original,96261.19048889192
MAPE_percent,21.81614562983189
